kind,sequence,frame,base_sha,candidate_sha,identical
1,0,0,75AABA5EF94368353F3F17C034B53918151AA2EBC98FF870B2A057D08AE910AB,75AABA5EF94368353F3F17C034B53918151AA2EBC98FF870B2A057D08AE910AB,True
1,0,1,75AABA5EF94368353F3F17C034B53918151AA2EBC98FF870B2A057D08AE910AB,75AABA5EF94368353F3F17C034B53918151AA2EBC98FF870B2A057D08AE910AB,True
1,0,2,75AABA5EF94368353F3F17C034B53918151AA2EBC98FF870B2A057D08AE910AB,75AABA5EF94368353F3F17C034B53918151AA2EBC98FF870B2A057D08AE910AB,True
1,0,3,75AABA5EF94368353F3F17C034B53918151AA2EBC98FF870B2A057D08AE910AB,75AABA5EF94368353F3F17C034B53918151AA2EBC98FF870B2A057D08AE910AB,True
1,0,4,75AABA5EF94368353F3F17C034B53918151AA2EBC98FF870B2A057D08AE910AB,75AABA5EF94368353F3F17C034B53918151AA2EBC98FF870B2A057D08AE910AB,True
1,0,5,75AABA5EF94368353F3F17C034B53918151AA2EBC98FF870B2A057D08AE910AB,75AABA5EF94368353F3F17C034B53918151AA2EBC98FF870B2A057D08AE910AB,True
1,0,6,75AABA5EF94368353F3F17C034B53918151AA2EBC98FF870B2A057D08AE910AB,75AABA5EF94368353F3F17C034B53918151AA2EBC98FF870B2A057D08AE910AB,True
1,0,7,75AABA5EF94368353F3F17C034B53918151AA2EBC98FF870B2A057D08AE910AB,75AABA5EF94368353F3F17C034B53918151AA2EBC98FF870B2A057D08AE910AB,True
1,0,8,75AABA5EF94368353F3F17C034B53918151AA2EBC98FF870B2A057D08AE910AB,75AABA5EF94368353F3F17C034B53918151AA2EBC98FF870B2A057D08AE910AB,True
1,0,9,75AABA5EF94368353F3F17C034B53918151AA2EBC98FF870B2A057D08AE910AB,75AABA5EF94368353F3F17C034B53918151AA2EBC98FF870B2A057D08AE910AB,True
1,0,10,75AABA5EF94368353F3F17C034B53918151AA2EBC98FF870B2A057D08AE910AB,75AABA5EF94368353F3F17C034B53918151AA2EBC98FF870B2A057D08AE910AB,True
1,0,11,75AABA5EF94368353F3F17C034B53918151AA2EBC98FF870B2A057D08AE910AB,75AABA5EF94368353F3F17C034B53918151AA2EBC98FF870B2A057D08AE910AB,True
1,1,0,75AABA5EF94368353F3F17C034B53918151AA2EBC98FF870B2A057D08AE910AB,75AABA5EF94368353F3F17C034B53918151AA2EBC98FF870B2A057D08AE910AB,True
1,1,1,092E30DE447D43FC2BCAC9D5965EC4BC5042CF64FA4428F7DD681BF157804DC5,092E30DE447D43FC2BCAC9D5965EC4BC5042CF64FA4428F7DD681BF157804DC5,True
1,1,2,507239F070F03F13FF544B6560DB6C7584444D6695C780AE33474214EA6244EC,507239F070F03F13FF544B6560DB6C7584444D6695C780AE33474214EA6244EC,True
1,1,3,89642CB722CB14A02D57E0D1B6C033553C17E1727BEDDE4EB5040E01C4F10D99,89642CB722CB14A02D57E0D1B6C033553C17E1727BEDDE4EB5040E01C4F10D99,True
1,1,4,91D42E3489D38CB4358D330D83AB4A35C7316476FEF109AA2687988C951520FC,91D42E3489D38CB4358D330D83AB4A35C7316476FEF109AA2687988C951520FC,True
1,1,5,7CC1E15799AF0EE02D5DC7754721880E210E96A41F695BC38337FC0912104471,7CC1E15799AF0EE02D5DC7754721880E210E96A41F695BC38337FC0912104471,True
1,1,6,D60B6F8526F56EFE8005C89A7A0411F57661FA33C0ABD81000542B5CDB3A8227,D60B6F8526F56EFE8005C89A7A0411F57661FA33C0ABD81000542B5CDB3A8227,True
1,1,7,CCABEF95C0C9B07A59A15DF99F2C2CD39A37ADE5753D3DB5D49290256F8560B0,CCABEF95C0C9B07A59A15DF99F2C2CD39A37ADE5753D3DB5D49290256F8560B0,True
1,1,8,5B265816D3AC03A67FEAB0ACA16649BD4F60604DEE59774921A55D3F5010616E,5B265816D3AC03A67FEAB0ACA16649BD4F60604DEE59774921A55D3F5010616E,True
1,1,9,B1DB19B42AC1BD336606D3E474F106D9FA0F9F340271F32456DA4CFB41FE0F58,B1DB19B42AC1BD336606D3E474F106D9FA0F9F340271F32456DA4CFB41FE0F58,True
1,1,10,CBDB5DD80852C67072DCEA386E8BEFD7D5E4843495B13D97C65BE0E3F508545C,CBDB5DD80852C67072DCEA386E8BEFD7D5E4843495B13D97C65BE0E3F508545C,True
1,1,11,5104F039569FE20C0EDCAB1FB68D56DB041406F3DDB38FC49DD2DD1D1EC636D1,5104F039569FE20C0EDCAB1FB68D56DB041406F3DDB38FC49DD2DD1D1EC636D1,True
1,6,0,75AABA5EF94368353F3F17C034B53918151AA2EBC98FF870B2A057D08AE910AB,75AABA5EF94368353F3F17C034B53918151AA2EBC98FF870B2A057D08AE910AB,True
1,6,1,75AABA5EF94368353F3F17C034B53918151AA2EBC98FF870B2A057D08AE910AB,75AABA5EF94368353F3F17C034B53918151AA2EBC98FF870B2A057D08AE910AB,True
1,6,2,75AABA5EF94368353F3F17C034B53918151AA2EBC98FF870B2A057D08AE910AB,75AABA5EF94368353F3F17C034B53918151AA2EBC98FF870B2A057D08AE910AB,True
1,6,3,75AABA5EF94368353F3F17C034B53918151AA2EBC98FF870B2A057D08AE910AB,75AABA5EF94368353F3F17C034B53918151AA2EBC98FF870B2A057D08AE910AB,True
1,6,4,BA79B84D18555543CE8FBE50F63EE4E291B98680230403D54796A6AEFB0BD7B6,BA79B84D18555543CE8FBE50F63EE4E291B98680230403D54796A6AEFB0BD7B6,True
1,6,5,BA79B84D18555543CE8FBE50F63EE4E291B98680230403D54796A6AEFB0BD7B6,BA79B84D18555543CE8FBE50F63EE4E291B98680230403D54796A6AEFB0BD7B6,True
1,6,6,BA79B84D18555543CE8FBE50F63EE4E291B98680230403D54796A6AEFB0BD7B6,BA79B84D18555543CE8FBE50F63EE4E291B98680230403D54796A6AEFB0BD7B6,True
1,6,7,BA79B84D18555543CE8FBE50F63EE4E291B98680230403D54796A6AEFB0BD7B6,BA79B84D18555543CE8FBE50F63EE4E291B98680230403D54796A6AEFB0BD7B6,True
1,6,8,BA79B84D18555543CE8FBE50F63EE4E291B98680230403D54796A6AEFB0BD7B6,BA79B84D18555543CE8FBE50F63EE4E291B98680230403D54796A6AEFB0BD7B6,True
1,6,9,75AABA5EF94368353F3F17C034B53918151AA2EBC98FF870B2A057D08AE910AB,75AABA5EF94368353F3F17C034B53918151AA2EBC98FF870B2A057D08AE910AB,True
1,6,10,75AABA5EF94368353F3F17C034B53918151AA2EBC98FF870B2A057D08AE910AB,75AABA5EF94368353F3F17C034B53918151AA2EBC98FF870B2A057D08AE910AB,True
1,6,11,75AABA5EF94368353F3F17C034B53918151AA2EBC98FF870B2A057D08AE910AB,75AABA5EF94368353F3F17C034B53918151AA2EBC98FF870B2A057D08AE910AB,True
2,0,0,75AABA5EF94368353F3F17C034B53918151AA2EBC98FF870B2A057D08AE910AB,75AABA5EF94368353F3F17C034B53918151AA2EBC98FF870B2A057D08AE910AB,True
2,0,1,75AABA5EF94368353F3F17C034B53918151AA2EBC98FF870B2A057D08AE910AB,75AABA5EF94368353F3F17C034B53918151AA2EBC98FF870B2A057D08AE910AB,True
2,0,2,75AABA5EF94368353F3F17C034B53918151AA2EBC98FF870B2A057D08AE910AB,75AABA5EF94368353F3F17C034B53918151AA2EBC98FF870B2A057D08AE910AB,True
2,0,3,75AABA5EF94368353F3F17C034B53918151AA2EBC98FF870B2A057D08AE910AB,75AABA5EF94368353F3F17C034B53918151AA2EBC98FF870B2A057D08AE910AB,True
2,0,4,75AABA5EF94368353F3F17C034B53918151AA2EBC98FF870B2A057D08AE910AB,75AABA5EF94368353F3F17C034B53918151AA2EBC98FF870B2A057D08AE910AB,True
2,0,5,75AABA5EF94368353F3F17C034B53918151AA2EBC98FF870B2A057D08AE910AB,75AABA5EF94368353F3F17C034B53918151AA2EBC98FF870B2A057D08AE910AB,True
2,0,6,75AABA5EF94368353F3F17C034B53918151AA2EBC98FF870B2A057D08AE910AB,75AABA5EF94368353F3F17C034B53918151AA2EBC98FF870B2A057D08AE910AB,True
2,0,7,75AABA5EF94368353F3F17C034B53918151AA2EBC98FF870B2A057D08AE910AB,75AABA5EF94368353F3F17C034B53918151AA2EBC98FF870B2A057D08AE910AB,True
2,0,8,75AABA5EF94368353F3F17C034B53918151AA2EBC98FF870B2A057D08AE910AB,75AABA5EF94368353F3F17C034B53918151AA2EBC98FF870B2A057D08AE910AB,True
2,0,9,75AABA5EF94368353F3F17C034B53918151AA2EBC98FF870B2A057D08AE910AB,75AABA5EF94368353F3F17C034B53918151AA2EBC98FF870B2A057D08AE910AB,True
2,0,10,75AABA5EF94368353F3F17C034B53918151AA2EBC98FF870B2A057D08AE910AB,75AABA5EF94368353F3F17C034B53918151AA2EBC98FF870B2A057D08AE910AB,True
2,0,11,75AABA5EF94368353F3F17C034B53918151AA2EBC98FF870B2A057D08AE910AB,75AABA5EF94368353F3F17C034B53918151AA2EBC98FF870B2A057D08AE910AB,True
2,1,0,75AABA5EF94368353F3F17C034B53918151AA2EBC98FF870B2A057D08AE910AB,75AABA5EF94368353F3F17C034B53918151AA2EBC98FF870B2A057D08AE910AB,True
2,1,1,092E30DE447D43FC2BCAC9D5965EC4BC5042CF64FA4428F7DD681BF157804DC5,092E30DE447D43FC2BCAC9D5965EC4BC5042CF64FA4428F7DD681BF157804DC5,True
2,1,2,507239F070F03F13FF544B6560DB6C7584444D6695C780AE33474214EA6244EC,507239F070F03F13FF544B6560DB6C7584444D6695C780AE33474214EA6244EC,True
2,1,3,89642CB722CB14A02D57E0D1B6C033553C17E1727BEDDE4EB5040E01C4F10D99,89642CB722CB14A02D57E0D1B6C033553C17E1727BEDDE4EB5040E01C4F10D99,True
2,1,4,91D42E3489D38CB4358D330D83AB4A35C7316476FEF109AA2687988C951520FC,91D42E3489D38CB4358D330D83AB4A35C7316476FEF109AA2687988C951520FC,True
2,1,5,7CC1E15799AF0EE02D5DC7754721880E210E96A41F695BC38337FC0912104471,7CC1E15799AF0EE02D5DC7754721880E210E96A41F695BC38337FC0912104471,True
2,1,6,D60B6F8526F56EFE8005C89A7A0411F57661FA33C0ABD81000542B5CDB3A8227,D60B6F8526F56EFE8005C89A7A0411F57661FA33C0ABD81000542B5CDB3A8227,True
2,1,7,CCABEF95C0C9B07A59A15DF99F2C2CD39A37ADE5753D3DB5D49290256F8560B0,CCABEF95C0C9B07A59A15DF99F2C2CD39A37ADE5753D3DB5D49290256F8560B0,True
2,1,8,5B265816D3AC03A67FEAB0ACA16649BD4F60604DEE59774921A55D3F5010616E,5B265816D3AC03A67FEAB0ACA16649BD4F60604DEE59774921A55D3F5010616E,True
2,1,9,B1DB19B42AC1BD336606D3E474F106D9FA0F9F340271F32456DA4CFB41FE0F58,B1DB19B42AC1BD336606D3E474F106D9FA0F9F340271F32456DA4CFB41FE0F58,True
2,1,10,CBDB5DD80852C67072DCEA386E8BEFD7D5E4843495B13D97C65BE0E3F508545C,CBDB5DD80852C67072DCEA386E8BEFD7D5E4843495B13D97C65BE0E3F508545C,True
2,1,11,5104F039569FE20C0EDCAB1FB68D56DB041406F3DDB38FC49DD2DD1D1EC636D1,5104F039569FE20C0EDCAB1FB68D56DB041406F3DDB38FC49DD2DD1D1EC636D1,True
2,6,0,75AABA5EF94368353F3F17C034B53918151AA2EBC98FF870B2A057D08AE910AB,75AABA5EF94368353F3F17C034B53918151AA2EBC98FF870B2A057D08AE910AB,True
2,6,1,75AABA5EF94368353F3F17C034B53918151AA2EBC98FF870B2A057D08AE910AB,75AABA5EF94368353F3F17C034B53918151AA2EBC98FF870B2A057D08AE910AB,True
2,6,2,75AABA5EF94368353F3F17C034B53918151AA2EBC98FF870B2A057D08AE910AB,75AABA5EF94368353F3F17C034B53918151AA2EBC98FF870B2A057D08AE910AB,True
2,6,3,75AABA5EF94368353F3F17C034B53918151AA2EBC98FF870B2A057D08AE910AB,75AABA5EF94368353F3F17C034B53918151AA2EBC98FF870B2A057D08AE910AB,True
2,6,4,BA79B84D18555543CE8FBE50F63EE4E291B98680230403D54796A6AEFB0BD7B6,BA79B84D18555543CE8FBE50F63EE4E291B98680230403D54796A6AEFB0BD7B6,True
2,6,5,BA79B84D18555543CE8FBE50F63EE4E291B98680230403D54796A6AEFB0BD7B6,BA79B84D18555543CE8FBE50F63EE4E291B98680230403D54796A6AEFB0BD7B6,True
2,6,6,BA79B84D18555543CE8FBE50F63EE4E291B98680230403D54796A6AEFB0BD7B6,BA79B84D18555543CE8FBE50F63EE4E291B98680230403D54796A6AEFB0BD7B6,True
2,6,7,BA79B84D18555543CE8FBE50F63EE4E291B98680230403D54796A6AEFB0BD7B6,BA79B84D18555543CE8FBE50F63EE4E291B98680230403D54796A6AEFB0BD7B6,True
2,6,8,BA79B84D18555543CE8FBE50F63EE4E291B98680230403D54796A6AEFB0BD7B6,BA79B84D18555543CE8FBE50F63EE4E291B98680230403D54796A6AEFB0BD7B6,True
2,6,9,75AABA5EF94368353F3F17C034B53918151AA2EBC98FF870B2A057D08AE910AB,75AABA5EF94368353F3F17C034B53918151AA2EBC98FF870B2A057D08AE910AB,True
2,6,10,75AABA5EF94368353F3F17C034B53918151AA2EBC98FF870B2A057D08AE910AB,75AABA5EF94368353F3F17C034B53918151AA2EBC98FF870B2A057D08AE910AB,True
2,6,11,75AABA5EF94368353F3F17C034B53918151AA2EBC98FF870B2A057D08AE910AB,75AABA5EF94368353F3F17C034B53918151AA2EBC98FF870B2A057D08AE910AB,True
