sequence,frame,anchor,method,relative_l1,absolute_l1,token_relative_p95
0,1,0,r3_gain_hold,0.0,0.0,0.0
0,1,0,linear_extrapolate,0.0,0.0,0.0
0,1,0,damped_extrapolate,0.0,0.0,0.0
0,1,0,causal_bounded_fit,0.0,0.0,0.0
0,1,0,two_anchor_mean,0.0,0.0,0.0
0,2,0,r3_gain_hold,0.0,0.0,0.0
0,2,0,linear_extrapolate,0.0,0.0,0.0
0,2,0,damped_extrapolate,0.0,0.0,0.0
0,2,0,causal_bounded_fit,0.0,0.0,0.0
0,2,0,two_anchor_mean,0.0,0.0,0.0
0,3,0,r3_gain_hold,0.0,0.0,0.0
0,3,0,linear_extrapolate,0.0,0.0,0.0
0,3,0,damped_extrapolate,0.0,0.0,0.0
0,3,0,causal_bounded_fit,0.0,0.0,0.0
0,3,0,two_anchor_mean,0.0,0.0,0.0
0,5,4,r3_gain_hold,0.0,0.0,0.0
0,5,4,linear_extrapolate,0.0,0.0,0.0
0,5,4,damped_extrapolate,0.0,0.0,0.0
0,5,4,causal_bounded_fit,0.0,0.0,0.0
0,5,4,two_anchor_mean,0.0,0.0,0.0
0,6,4,r3_gain_hold,0.0,0.0,0.0
0,6,4,linear_extrapolate,0.0,0.0,0.0
0,6,4,damped_extrapolate,0.0,0.0,0.0
0,6,4,causal_bounded_fit,0.0,0.0,0.0
0,6,4,two_anchor_mean,0.0,0.0,0.0
0,7,4,r3_gain_hold,0.0,0.0,0.0
0,7,4,linear_extrapolate,0.0,0.0,0.0
0,7,4,damped_extrapolate,0.0,0.0,0.0
0,7,4,causal_bounded_fit,0.0,0.0,0.0
0,7,4,two_anchor_mean,0.0,0.0,0.0
0,9,8,r3_gain_hold,0.0,0.0,0.0
0,9,8,linear_extrapolate,0.0,0.0,0.0
0,9,8,damped_extrapolate,0.0,0.0,0.0
0,9,8,causal_bounded_fit,0.0,0.0,0.0
0,9,8,two_anchor_mean,0.0,0.0,0.0
0,10,8,r3_gain_hold,0.0,0.0,0.0
0,10,8,linear_extrapolate,0.0,0.0,0.0
0,10,8,damped_extrapolate,0.0,0.0,0.0
0,10,8,causal_bounded_fit,0.0,0.0,0.0
0,10,8,two_anchor_mean,0.0,0.0,0.0
0,11,8,r3_gain_hold,0.0,0.0,0.0
0,11,8,linear_extrapolate,0.0,0.0,0.0
0,11,8,damped_extrapolate,0.0,0.0,0.0
0,11,8,causal_bounded_fit,0.0,0.0,0.0
0,11,8,two_anchor_mean,0.0,0.0,0.0
1,1,0,r3_gain_hold,0.1722243175388428,0.14866341650485992,0.2834137558937073
1,1,0,linear_extrapolate,0.1722243175388428,0.14866341650485992,0.2834137558937073
1,1,0,damped_extrapolate,0.1722243175388428,0.14866341650485992,0.2834137558937073
1,1,0,causal_bounded_fit,0.1722243175388428,0.14866341650485992,0.2834137558937073
1,1,0,two_anchor_mean,0.1722243175388428,0.14866341650485992,0.2834137558937073
1,2,0,r3_gain_hold,0.18218554558771324,0.1574106067419052,0.2932051062583924
1,2,0,linear_extrapolate,0.18218554558771324,0.1574106067419052,0.2932051062583924
1,2,0,damped_extrapolate,0.18218554558771324,0.1574106067419052,0.2932051062583924
1,2,0,causal_bounded_fit,0.18218554558771324,0.1574106067419052,0.2932051062583924
1,2,0,two_anchor_mean,0.18218554558771324,0.1574106067419052,0.2932051062583924
1,3,0,r3_gain_hold,0.18877719108363503,0.16236639022827148,0.35082979798316954
1,3,0,linear_extrapolate,0.18877719108363503,0.16236639022827148,0.35082979798316954
1,3,0,damped_extrapolate,0.18877719108363503,0.16236639022827148,0.35082979798316954
1,3,0,causal_bounded_fit,0.18877719108363503,0.16236639022827148,0.35082979798316954
1,3,0,two_anchor_mean,0.18877719108363503,0.16236639022827148,0.35082979798316954
1,5,4,r3_gain_hold,0.1683796164151323,0.14539207518100739,0.28293656408786777
1,5,4,linear_extrapolate,0.1896112690523171,0.1637251377105713,0.33367475867271446
1,5,4,damped_extrapolate,0.1710512637233114,0.14769898355007172,0.2909205526113511
1,5,4,causal_bounded_fit,0.1683796164151323,0.14539207518100739,0.28293656408786777
1,5,4,two_anchor_mean,0.1625594724284355,0.14036650955677032,0.2952242940664292
1,6,4,r3_gain_hold,0.1796237161398198,0.15549227595329285,0.32544845342636114
1,6,4,linear_extrapolate,0.231106021355628,0.2000582218170166,0.4323809504508973
1,6,4,damped_extrapolate,0.18715492927877023,0.16201171278953552,0.34644335210323335
1,6,4,causal_bounded_fit,0.1796237161398198,0.15549227595329285,0.32544845342636114
1,6,4,two_anchor_mean,0.17223453348142648,0.1490957885980606,0.3203661024570466
1,7,4,r3_gain_hold,0.1899794653095716,0.16515640914440155,0.31820330619812015
1,7,4,linear_extrapolate,0.2766100105758798,0.24046765267848969,0.494299277663231
1,7,4,damped_extrapolate,0.2037925756295391,0.17716467380523682,0.3492209553718567
1,7,4,causal_bounded_fit,0.1899794653095716,0.16515640914440155,0.31820330619812015
1,7,4,two_anchor_mean,0.17961899407442197,0.15614965558052063,0.3265316337347031
1,9,8,r3_gain_hold,0.16099717179566844,0.1393890231847763,0.2860910415649414
1,9,8,linear_extrapolate,0.18183702958754316,0.15743187069892883,0.32296619415283206
1,9,8,damped_extrapolate,0.16364761941282316,0.14168374240398407,0.28725791573524484
1,9,8,causal_bounded_fit,0.16017979726784762,0.1386813521385193,0.2848735958337784
1,9,8,two_anchor_mean,0.1560783812104957,0.1351304054260254,0.29834544360637666
1,10,8,r3_gain_hold,0.17274369600567602,0.15063536167144775,0.308456102013588
1,10,8,linear_extrapolate,0.22021244346381172,0.19202889502048492,0.4031735837459564
1,10,8,damped_extrapolate,0.17933847960459356,0.1563861221075058,0.3308369070291519
1,10,8,causal_bounded_fit,0.17123214543257317,0.14931726455688477,0.3019705802202225
1,10,8,two_anchor_mean,0.17036316106414146,0.14855949580669403,0.30521285235881823
1,11,8,r3_gain_hold,0.18177167959073637,0.15752071142196655,0.3541361540555954
1,11,8,linear_extrapolate,0.2616618232213415,0.2267523556947708,0.4956523388624194
1,11,8,damped_extrapolate,0.1937387186218373,0.16789117455482483,0.3664951771497728
1,11,8,causal_bounded_fit,0.17920150454370906,0.15529343485832214,0.34122789800167086
1,11,8,two_anchor_mean,0.1781059775321271,0.15434406697750092,0.3343888103961945
2,1,0,r3_gain_hold,0.15538039411874402,0.13443726301193237,0.2462463304400444
2,1,0,linear_extrapolate,0.15538039411874402,0.13443726301193237,0.2462463304400444
2,1,0,damped_extrapolate,0.15538039411874402,0.13443726301193237,0.2462463304400444
2,1,0,causal_bounded_fit,0.15538039411874402,0.13443726301193237,0.2462463304400444
2,1,0,two_anchor_mean,0.15538039411874402,0.13443726301193237,0.2462463304400444
2,2,0,r3_gain_hold,0.15678054997624255,0.1359003633260727,0.2767408967018128
2,2,0,linear_extrapolate,0.15678054997624255,0.1359003633260727,0.2767408967018128
2,2,0,damped_extrapolate,0.15678054997624255,0.1359003633260727,0.2767408967018128
2,2,0,causal_bounded_fit,0.15678054997624255,0.1359003633260727,0.2767408967018128
2,2,0,two_anchor_mean,0.15678054997624255,0.1359003633260727,0.2767408967018128
2,3,0,r3_gain_hold,0.16137411670021998,0.14021389186382294,0.27003567516803745
2,3,0,linear_extrapolate,0.16137411670021998,0.14021389186382294,0.27003567516803745
2,3,0,damped_extrapolate,0.16137411670021998,0.14021389186382294,0.27003567516803745
2,3,0,causal_bounded_fit,0.16137411670021998,0.14021389186382294,0.27003567516803745
2,3,0,two_anchor_mean,0.16137411670021998,0.14021389186382294,0.27003567516803745
2,5,4,r3_gain_hold,0.15316225337735723,0.13150496780872345,0.2523131847381593
2,5,4,linear_extrapolate,0.1704631173471364,0.14635947346687317,0.28371866643428806
2,5,4,damped_extrapolate,0.1554741573389392,0.1334899663925171,0.2585303902626038
2,5,4,causal_bounded_fit,0.15316225337735723,0.13150496780872345,0.2523131847381593
2,5,4,two_anchor_mean,0.13969262859268325,0.11993996053934097,0.23901672661304477
2,6,4,r3_gain_hold,0.1570677012174279,0.1358191967010498,0.2504712790250779
2,6,4,linear_extrapolate,0.20077440006595185,0.17361314594745636,0.3415368884801865
2,6,4,damped_extrapolate,0.16341968559411776,0.1413118690252304,0.2662368327379227
2,6,4,causal_bounded_fit,0.1570677012174279,0.1358191967010498,0.2504712790250779
2,6,4,two_anchor_mean,0.1422234076966667,0.12298307567834854,0.2356648594141008
2,7,4,r3_gain_hold,0.16108203117601902,0.13890495896339417,0.27698020040988924
2,7,4,linear_extrapolate,0.23112942116352334,0.19930852949619293,0.40308815240859985
2,7,4,damped_extrapolate,0.1721996803572611,0.1484919786453247,0.301233172416687
2,7,4,causal_bounded_fit,0.16108203117601902,0.13890495896339417,0.27698020040988924
2,7,4,two_anchor_mean,0.14763829055140654,0.1273120939731598,0.2681189984083176
2,9,8,r3_gain_hold,0.15342026750700222,0.1322210729122162,0.26367588937282566
2,9,8,linear_extrapolate,0.1721052223164197,0.14832419157028198,0.3179168075323105
2,9,8,damped_extrapolate,0.1559609020992205,0.13441064953804016,0.2746619135141373
2,9,8,causal_bounded_fit,0.1526061716914312,0.13151946663856506,0.2604294121265412
2,9,8,two_anchor_mean,0.13815127665245683,0.1190619096159935,0.2316493794322016
2,10,8,r3_gain_hold,0.14622494469588634,0.12598587572574615,0.23588193804025653
2,10,8,linear_extrapolate,0.19149311802161081,0.1649884581565857,0.31806600987911227
2,10,8,damped_extrapolate,0.15280647493098098,0.1316564530134201,0.24713513404130935
2,10,8,causal_bounded_fit,0.14446846792126197,0.12447251379489899,0.2316347822546959
2,10,8,two_anchor_mean,0.13387214474807563,0.11534283310174942,0.21762889176607136
2,11,8,r3_gain_hold,0.1554458830975361,0.1336568146944046,0.26557734012603773
2,11,8,linear_extrapolate,0.23112800708188885,0.19873046875,0.42100165486335756
2,11,8,damped_extrapolate,0.16768539873404997,0.14418070018291473,0.2902521848678589
2,11,8,causal_bounded_fit,0.1523594107114262,0.1310029774904251,0.26145717799663554
2,11,8,two_anchor_mean,0.13943485958574833,0.11989007890224457,0.23313848078250887
3,1,0,r3_gain_hold,0.0,0.0,0.0
3,1,0,linear_extrapolate,0.0,0.0,0.0
3,1,0,damped_extrapolate,0.0,0.0,0.0
3,1,0,causal_bounded_fit,0.0,0.0,0.0
3,1,0,two_anchor_mean,0.0,0.0,0.0
3,2,0,r3_gain_hold,0.0,0.0,0.0
3,2,0,linear_extrapolate,0.0,0.0,0.0
3,2,0,damped_extrapolate,0.0,0.0,0.0
3,2,0,causal_bounded_fit,0.0,0.0,0.0
3,2,0,two_anchor_mean,0.0,0.0,0.0
3,3,0,r3_gain_hold,0.0,0.0,0.0
3,3,0,linear_extrapolate,0.0,0.0,0.0
3,3,0,damped_extrapolate,0.0,0.0,0.0
3,3,0,causal_bounded_fit,0.0,0.0,0.0
3,3,0,two_anchor_mean,0.0,0.0,0.0
3,5,4,r3_gain_hold,0.0,0.0,0.0
3,5,4,linear_extrapolate,0.0,0.0,0.0
3,5,4,damped_extrapolate,0.0,0.0,0.0
3,5,4,causal_bounded_fit,0.0,0.0,0.0
3,5,4,two_anchor_mean,0.0,0.0,0.0
3,6,4,r3_gain_hold,0.7764724980157591,0.6725611090660095,1.2725162863731385
3,6,4,linear_extrapolate,0.7764724980157591,0.6725611090660095,1.2725162863731385
3,6,4,damped_extrapolate,0.7764724980157591,0.6725611090660095,1.2725162863731385
3,6,4,causal_bounded_fit,0.7764724980157591,0.6725611090660095,1.2725162863731385
3,6,4,two_anchor_mean,0.7764724980157591,0.6725611090660095,1.2725162863731385
3,7,4,r3_gain_hold,0.7764724980157591,0.6725611090660095,1.2725162863731385
3,7,4,linear_extrapolate,0.7764724980157591,0.6725611090660095,1.2725162863731385
3,7,4,damped_extrapolate,0.7764724980157591,0.6725611090660095,1.2725162863731385
3,7,4,causal_bounded_fit,0.7764724980157591,0.6725611090660095,1.2725162863731385
3,7,4,two_anchor_mean,0.7764724980157591,0.6725611090660095,1.2725162863731385
3,9,8,r3_gain_hold,0.0,0.0,0.0
3,9,8,linear_extrapolate,0.0,0.0,0.0
3,9,8,damped_extrapolate,0.0,0.0,0.0
3,9,8,causal_bounded_fit,0.0,0.0,0.0
3,9,8,two_anchor_mean,0.0,0.0,0.0
3,10,8,r3_gain_hold,0.0,0.0,0.0
3,10,8,linear_extrapolate,0.0,0.0,0.0
3,10,8,damped_extrapolate,0.0,0.0,0.0
3,10,8,causal_bounded_fit,0.0,0.0,0.0
3,10,8,two_anchor_mean,0.0,0.0,0.0
3,11,8,r3_gain_hold,0.0,0.0,0.0
3,11,8,linear_extrapolate,0.0,0.0,0.0
3,11,8,damped_extrapolate,0.0,0.0,0.0
3,11,8,causal_bounded_fit,0.0,0.0,0.0
3,11,8,two_anchor_mean,0.0,0.0,0.0
4,1,0,r3_gain_hold,0.0,0.0,0.0
4,1,0,linear_extrapolate,0.0,0.0,0.0
4,1,0,damped_extrapolate,0.0,0.0,0.0
4,1,0,causal_bounded_fit,0.0,0.0,0.0
4,1,0,two_anchor_mean,0.0,0.0,0.0
4,2,0,r3_gain_hold,0.0,0.0,0.0
4,2,0,linear_extrapolate,0.0,0.0,0.0
4,2,0,damped_extrapolate,0.0,0.0,0.0
4,2,0,causal_bounded_fit,0.0,0.0,0.0
4,2,0,two_anchor_mean,0.0,0.0,0.0
4,3,0,r3_gain_hold,0.0,0.0,0.0
4,3,0,linear_extrapolate,0.0,0.0,0.0
4,3,0,damped_extrapolate,0.0,0.0,0.0
4,3,0,causal_bounded_fit,0.0,0.0,0.0
4,3,0,two_anchor_mean,0.0,0.0,0.0
4,5,4,r3_gain_hold,0.0,0.0,0.0
4,5,4,linear_extrapolate,0.0,0.0,0.0
4,5,4,damped_extrapolate,0.0,0.0,0.0
4,5,4,causal_bounded_fit,0.0,0.0,0.0
4,5,4,two_anchor_mean,0.0,0.0,0.0
4,6,4,r3_gain_hold,0.4538993849865679,0.39208829402923584,1.070439410209656
4,6,4,linear_extrapolate,0.4538993849865679,0.39208829402923584,1.070439410209656
4,6,4,damped_extrapolate,0.4538993849865679,0.39208829402923584,1.070439410209656
4,6,4,causal_bounded_fit,0.4538993849865679,0.39208829402923584,1.070439410209656
4,6,4,two_anchor_mean,0.4538993849865679,0.39208829402923584,1.070439410209656
4,7,4,r3_gain_hold,0.4538993849865679,0.39208829402923584,1.070439410209656
4,7,4,linear_extrapolate,0.4538993849865679,0.39208829402923584,1.070439410209656
4,7,4,damped_extrapolate,0.4538993849865679,0.39208829402923584,1.070439410209656
4,7,4,causal_bounded_fit,0.4538993849865679,0.39208829402923584,1.070439410209656
4,7,4,two_anchor_mean,0.4538993849865679,0.39208829402923584,1.070439410209656
4,9,8,r3_gain_hold,0.0,0.0,0.0
4,9,8,linear_extrapolate,0.0,0.0,0.0
4,9,8,damped_extrapolate,0.0,0.0,0.0
4,9,8,causal_bounded_fit,0.0,0.0,0.0
4,9,8,two_anchor_mean,0.0,0.0,0.0
4,10,8,r3_gain_hold,0.0,0.0,0.0
4,10,8,linear_extrapolate,0.0,0.0,0.0
4,10,8,damped_extrapolate,0.0,0.0,0.0
4,10,8,causal_bounded_fit,0.0,0.0,0.0
4,10,8,two_anchor_mean,0.0,0.0,0.0
4,11,8,r3_gain_hold,0.0,0.0,0.0
4,11,8,linear_extrapolate,0.0,0.0,0.0
4,11,8,damped_extrapolate,0.0,0.0,0.0
4,11,8,causal_bounded_fit,0.0,0.0,0.0
4,11,8,two_anchor_mean,0.0,0.0,0.0
